date;vehicule;immatriculation;checkpoint;date_depart;date_arrivee;duree
22/07/2023;LTTR 055 AR-MERCEDES 1941-PSL;LTTR055AR;101411 LUCIE DISTRIBUTION SARL;13:20:16;13:29:37;00:09:21
22/07/2023;LTTR 055 AR-MERCEDES 1941-PSL;LTTR055AR;DOUALA;13:29:37;18:48:36;05:18:59
22/07/2023;LTTR 055 AR-MERCEDES 1941-PSL;LTTR055AR;105486_SOREPCO YASSA;13:30:36;13:31:37;00:01:01
22/07/2023;LTTR 055 AR-MERCEDES 1941-PSL;LTTR055AR;105500_QUIFEROU YASSA;13:32:37;13:37:15;00:04:38
22/07/2023;LTTR 055 AR-MERCEDES 1941-PSL;LTTR055AR;105500_QUIFEROU YASSA;18:37:02;18:47:30;00:10:28
22/07/2023;LTTR 055 AR-MERCEDES 1941-PSL;LTTR055AR;105486_SOREPCO YASSA;18:48:00;18:48:21;00:00:21
22/07/2023;LTTR 055 AR-MERCEDES 1941-PSL;LTTR055AR;101411 LUCIE DISTRIBUTION SARL;18:48:27;18:49:18;00:00:51
22/07/2023;LTTR 055 AR-MERCEDES 1941-PSL;LTTR055AR;EDEA;20:00:44;20:17:21;00:16:37
22/07/2023;LTTR 055 AR-MERCEDES 1941-PSL;LTTR055AR;EDEA N;20:01:53;20:17:21;00:15:28
22/07/2023;LTTR 055 AR-MERCEDES 1941-PSL;LTTR055AR;103244_CHEC PROJETS KRIBI lot 2;22:12:54;22:13:09;00:00:15
22/07/2023;LTTR 055 AR-MERCEDES 1941-PSL;LTTR055AR;101760_BATI-SERVICE;23:47:20;23:47:47;00:00:27
22/07/2023;LTTR 055 AR-MERCEDES 1941-PSL;LTTR055AR;105706_COLOR CERAMICA KRIBI;23:47:20;23:47:47;00:00:27
22/07/2023;LTTR 055 AR-MERCEDES 1941-PSL;LTTR055AR;105705_BATI SERVICE KRIBI;23:47:33;23:47:47;00:00:14
22/07/2023;LTTR 056 AS MERCEDES (PSL);LTTR056AS;YAOUNDE;22:46:22;14:50:58;16:04:36
22/07/2023;LTTR 056 AS MERCEDES (PSL);LTTR056AS;101769_EGESCO;14:56:15;14:56:39;00:00:24
22/07/2023;LTTR 056 AS MERCEDES (PSL);LTTR056AS;TOTAL NOMAYOS;15:02:24;15:04:10;00:01:46
22/07/2023;LTTR 056 AS MERCEDES (PSL);LTTR056AS;Mbankomo;15:05:22;15:09:11;00:03:49
22/07/2023;LTTR 056 AS MERCEDES (PSL);LTTR056AS;103276_CHINA FIRST HIGHWAY (CFHECC) P.E.C. PK 15;15:15:57;15:17:14;00:01:17
22/07/2023;LTTR 056 AS MERCEDES (PSL);LTTR056AS;103276_CHINA FIRST HIGHWAY (CFHECC) P.E.C. PK 16;15:15:57;15:17:14;00:01:17
22/07/2023;LTTR 056 AS MERCEDES (PSL);LTTR056AS;Boumnyebel;16:31:45;16:34:40;00:02:55
22/07/2023;LTTR 056 AS MERCEDES (PSL);LTTR056AS;Pouma;17:09:32;17:11:56;00:02:24
22/07/2023;LTTR 056 AS MERCEDES (PSL);LTTR056AS;EDEA N;17:54:45;18:02:53;00:08:08
22/07/2023;LTTR 056 AS MERCEDES (PSL);LTTR056AS;EDEA;17:57:09;18:02:53;00:05:44
22/07/2023;LTTR 056 AS MERCEDES (PSL);LTTR056AS;103244_CHEC PROJETS KRIBI lot 2;20:14:34;20:14:53;00:00:19
22/07/2023;LTTR 056 AS MERCEDES (PSL);LTTR056AS;101760_BATI-SERVICE;21:46:59;21:47:11;00:00:12
22/07/2023;LTTR 056 AS MERCEDES (PSL);LTTR056AS;105706_COLOR CERAMICA KRIBI;21:46:59;21:47:11;00:00:12
22/07/2023;LTTR 056 AS MERCEDES (PSL);LTTR056AS;105705_BATI SERVICE KRIBI;21:46:59;21:47:11;00:00:12
22/07/2023;LTTR 056 AS MERCEDES (PSL);LTTR056AS;105901_CIMPOR KRIBI;21:46:59;21:47:05;00:00:06
22/07/2023;LTTR 056 AS MERCEDES (PSL);LTTR056AS;103244_CHEC PROJETS KRIBI lot 2;22:15:09;22:15:20;00:00:11
22/07/2023;LTTR 056 AR-ACTROS 1844-CIMENCAM (PSL);LTTR056AR;EDEA N;22:56:29;06:39:07;07:42:38
22/07/2023;LTTR 056 AR-ACTROS 1844-CIMENCAM (PSL);LTTR056AR;Pouma;07:34:07;07:36:07;00:02:00
22/07/2023;LTTR 056 AR-ACTROS 1844-CIMENCAM (PSL);LTTR056AR;Boumnyebel;08:27:07;08:29:33;00:02:26
22/07/2023;LTTR 056 AR-ACTROS 1844-CIMENCAM (PSL);LTTR056AR;103276_CHINA FIRST HIGHWAY (CFHECC) P.E.C. PK 16;10:20:08;10:21:51;00:01:43
22/07/2023;LTTR 056 AR-ACTROS 1844-CIMENCAM (PSL);LTTR056AR;103276_CHINA FIRST HIGHWAY (CFHECC) P.E.C. PK 15;10:20:08;10:21:51;00:01:43
22/07/2023;LTTR 056 AR-ACTROS 1844-CIMENCAM (PSL);LTTR056AR;Mbankomo;10:30:08;10:33:06;00:02:58
22/07/2023;LTTR 056 AR-ACTROS 1844-CIMENCAM (PSL);LTTR056AR;TOTAL NOMAYOS;10:35:08;10:36:08;00:01:00
22/07/2023;LTTR 056 AR-ACTROS 1844-CIMENCAM (PSL);LTTR056AR;101769_EGESCO;10:41:08;10:43:50;00:02:42
22/07/2023;LTTR 056 AR-ACTROS 1844-CIMENCAM (PSL);LTTR056AR;100003_USINE DE NOMAYOS;10:55:08;19:36:07;08:40:59
22/07/2023;LTTR 056 AR-ACTROS 1844-CIMENCAM (PSL);LTTR056AR;101769_EGESCO;19:47:00;19:48:07;00:01:07
22/07/2023;LTTR 056 AR-ACTROS 1844-CIMENCAM (PSL);LTTR056AR;YAOUNDE;19:54:00;06:31:28;10:37:28
22/07/2023;LTTR 057 AR - MERCEDES ACTROS- PSL;LTTR057AR;YAOUNDE;23:48:15;10:30:36;10:42:21
22/07/2023;LTTR 057 AR - MERCEDES ACTROS- PSL;LTTR057AR;TOTAL NOMAYOS;10:58:36;10:59:36;00:01:00
22/07/2023;LTTR 057 AR - MERCEDES ACTROS- PSL;LTTR057AR;Mbankomo;11:04:14;11:16:56;00:12:42
22/07/2023;LTTR 057 AR - MERCEDES ACTROS- PSL;LTTR057AR;103276_CHINA FIRST HIGHWAY (CFHECC) P.E.C. PK 15;11:25:06;11:26:06;00:01:00
22/07/2023;LTTR 057 AR - MERCEDES ACTROS- PSL;LTTR057AR;103276_CHINA FIRST HIGHWAY (CFHECC) P.E.C. PK 16;11:25:06;11:26:06;00:01:00
22/07/2023;LTTR 057 AR - MERCEDES ACTROS- PSL;LTTR057AR;Boumnyebel;12:39:31;12:49:44;00:10:13
22/07/2023;LTTR 057 AR - MERCEDES ACTROS- PSL;LTTR057AR;Pouma;13:33:31;13:35:37;00:02:06
22/07/2023;LTTR 057 AR - MERCEDES ACTROS- PSL;LTTR057AR;EDEA N;14:21:03;14:31:28;00:10:25
22/07/2023;LTTR 057 AR - MERCEDES ACTROS- PSL;LTTR057AR;EDEA;14:23:25;14:30:56;00:07:31
22/07/2023;LTTR 057 AR - MERCEDES ACTROS- PSL;LTTR057AR;105705_BATI SERVICE KRIBI;17:05:38;17:06:02;00:00:24
22/07/2023;LTTR 057 AR - MERCEDES ACTROS- PSL;LTTR057AR;101760_BATI-SERVICE;17:05:38;17:06:02;00:00:24
22/07/2023;LTTR 057 AR - MERCEDES ACTROS- PSL;LTTR057AR;105706_COLOR CERAMICA KRIBI;17:05:38;17:06:02;00:00:24
22/07/2023;LTTR 057 AR - MERCEDES ACTROS- PSL;LTTR057AR;105706_COLOR CERAMICA KRIBI;18:25:39;18:26:02;00:00:23
22/07/2023;LTTR 057 AR - MERCEDES ACTROS- PSL;LTTR057AR;101760_BATI-SERVICE;18:25:39;18:26:02;00:00:23
22/07/2023;LTTR 057 AR - MERCEDES ACTROS- PSL;LTTR057AR;105705_BATI SERVICE KRIBI;18:25:39;18:26:02;00:00:23
22/07/2023;LTTR 058 AR-MERCEDES 1941-PSL;CH 412514;YAOUNDE;18:06:48;09:47:15;15:40:27
22/07/2023;LTTR 058 AR-MERCEDES 1941-PSL;CH 412514;101769_EGESCO;09:51:53;09:52:12;00:00:19
22/07/2023;LTTR 058 AR-MERCEDES 1941-PSL;CH 412514;TOTAL NOMAYOS;09:58:53;09:59:12;00:00:19
22/07/2023;LTTR 058 AR-MERCEDES 1941-PSL;CH 412514;105127_ARAB CONTRACTORS NOMAYOS;09:59:02;09:59:05;00:00:03
22/07/2023;LTTR 058 AR-MERCEDES 1941-PSL;CH 412514;Mbankomo;10:00:39;10:05:07;00:04:28
22/07/2023;LTTR 058 AR-MERCEDES 1941-PSL;CH 412514;103276_CHINA FIRST HIGHWAY (CFHECC) P.E.C. PK 15;10:11:43;10:13:29;00:01:46
22/07/2023;LTTR 058 AR-MERCEDES 1941-PSL;CH 412514;103276_CHINA FIRST HIGHWAY (CFHECC) P.E.C. PK 16;10:11:43;10:13:29;00:01:46
22/07/2023;LTTR 058 AR-MERCEDES 1941-PSL;CH 412514;Boumnyebel;11:53:05;11:57:14;00:04:09
22/07/2023;LTTR 058 AR-MERCEDES 1941-PSL;CH 412514;Pouma;12:45:41;12:47:40;00:01:59
22/07/2023;LTTR 058 AR-MERCEDES 1941-PSL;CH 412514;EDEA N;13:28:11;13:35:09;00:06:58
22/07/2023;LTTR 058 AR-MERCEDES 1941-PSL;CH 412514;EDEA;13:30:00;13:36:00;00:06:00
22/07/2023;LTTR 061 AS MERCEDES (PSL);LTTR061AS;EDEA N;14:39:49;14:43:17;2d 00:03:28
22/07/2023;LTTR 061 AS MERCEDES (PSL);LTTR061AS;Pouma;15:23:39;15:28:03;00:04:24
22/07/2023;LTTR 061 AS MERCEDES (PSL);LTTR061AS;Boumnyebel;16:06:53;16:12:40;00:05:47
22/07/2023;LTTR 061 AS MERCEDES (PSL);LTTR061AS;103276_CHINA FIRST HIGHWAY (CFHECC) P.E.C. PK 15;17:35:58;17:37:27;00:01:29
22/07/2023;LTTR 061 AS MERCEDES (PSL);LTTR061AS;103276_CHINA FIRST HIGHWAY (CFHECC) P.E.C. PK 16;17:35:58;17:37:27;00:01:29
22/07/2023;LTTR 061 AS MERCEDES (PSL);LTTR061AS;Mbankomo;17:43:25;17:46:18;00:02:53
22/07/2023;LTTR 061 AS MERCEDES (PSL);LTTR061AS;TOTAL NOMAYOS;17:47:32;17:47:53;00:00:21
22/07/2023;LTTR 061 AS MERCEDES (PSL);LTTR061AS;105127_ARAB CONTRACTORS NOMAYOS;17:47:40;17:47:45;00:00:05
22/07/2023;LTTR 061 AS MERCEDES (PSL);LTTR061AS;101769_EGESCO;17:52:48;17:54:30;00:01:42
22/07/2023;LTTR 061 AS MERCEDES (PSL);LTTR061AS;100003_USINE DE NOMAYOS;18:01:55;23:25:46;05:23:51
22/07/2023;LTTR 300 AO-ACTROS 1841-MEDLOG;LTTR300AO;BERTOUA;06:01:10;06:16:24;00:15:14
22/07/2023;LTTR 300 AO-ACTROS 1841-MEDLOG;LTTR300AO;TOTAL BERTOUA;06:07:02;06:08:07;00:01:05
22/07/2023;LTTR 300 AO-ACTROS 1841-MEDLOG;LTTR300AO;GAROUA BOULAI;13:17:51;13:35:22;00:17:31
22/07/2023;LTTR 300 AO-ACTROS 1841-MEDLOG;LTTR300AO;TOTAL GAROUA BOULAI;13:29:29;13:29:54;00:00:25
22/07/2023;LTTR 300 AO-ACTROS 1841-MEDLOG;LTTR300AO;MEIGANGA;16:38:39;16:42:45;00:04:06
22/07/2023;LTTR 300 AO-ACTROS 1841-MEDLOG;LTTR300AO;MEIGANGA;16:43:51;16:47:41;00:03:50
22/07/2023;LTTR 300 AO-ACTROS 1841-MEDLOG;LTTR300AO;NGAOUNDERE;21:00:50;09:01:39;12:00:49
22/07/2023;LTTR 307 AO-MERCEDES 1841-PSL;LTTR307AO;101411 LUCIE DISTRIBUTION SARL;10:06:29;10:06:56;00:00:27
22/07/2023;LTTR 307 AO-MERCEDES 1841-PSL;LTTR307AO;DOUALA;10:06:53;11:43:20;01:36:27
22/07/2023;LTTR 307 AO-MERCEDES 1841-PSL;LTTR307AO;105486_SOREPCO YASSA;10:07:01;10:07:28;00:00:27
22/07/2023;LTTR 307 AO-MERCEDES 1841-PSL;LTTR307AO;105500_QUIFEROU YASSA;10:07:52;10:09:00;00:01:08
22/07/2023;LTTR 307 AO-MERCEDES 1841-PSL;LTTR307AO;104674_GLOBAL TRADE DISTRIBUTION AND;11:37:58;11:38:31;00:00:33
22/07/2023;LTTR 307 AO-MERCEDES 1841-PSL;LTTR307AO;101766_CRBC;11:41:42;11:41:56;00:00:14
22/07/2023;LTTR 307 AO-MERCEDES 1841-PSL;LTTR307AO;103351_3KD TRAINING;11:42:01;11:42:12;00:00:11
22/07/2023;LTTR 307 AO-MERCEDES 1841-PSL;LTTR307AO;103403_RAZEL CAMEROUN;11:46:21;11:46:34;00:00:13
22/07/2023;LTTR 307 AO-MERCEDES 1841-PSL;LTTR307AO;105465_RAZEL YASSA;11:46:41;14:52:37;03:05:56
22/07/2023;LTTR 307 AO-MERCEDES 1841-PSL;LTTR307AO;103403_RAZEL CAMEROUN;14:52:50;14:53:20;00:00:30
22/07/2023;LTTR 307 AO-MERCEDES 1841-PSL;LTTR307AO;DOUALA;15:00:02;15:07:05;00:07:03
22/07/2023;LTTR 307 AO-MERCEDES 1841-PSL;LTTR307AO;103351_3KD TRAINING;15:01:42;15:01:54;00:00:12
22/07/2023;LTTR 307 AO-MERCEDES 1841-PSL;LTTR307AO;101766_CRBC;15:01:58;15:02:21;00:00:23
22/07/2023;LTTR 307 AO-MERCEDES 1841-PSL;LTTR307AO;101766_CRBC;15:03:30;15:03:51;00:00:21
22/07/2023;LTTR 307 AO-MERCEDES 1841-PSL;LTTR307AO;103351_3KD TRAINING;15:03:58;15:04:19;00:00:21
22/07/2023;LTTR 307 AO-MERCEDES 1841-PSL;LTTR307AO;103783_YENINGUN STADE DE JAPOMA;15:14:39;15:15:21;00:00:42
22/07/2023;LTTR 307 AO-MERCEDES 1841-PSL;LTTR307AO;104308_REGULIER DU BAS PRIX;15:15:49;15:16:32;00:00:43
22/07/2023;LTTR 307 AO-MERCEDES 1841-PSL;LTTR307AO;105465_RAZEL YASSA;15:18:51;15:23:40;00:04:49
22/07/2023;LTTR 307 AO-MERCEDES 1841-PSL;LTTR307AO;103403_RAZEL CAMEROUN;15:23:48;15:24:10;00:00:22
22/07/2023;LTTR 307 AO-MERCEDES 1841-PSL;LTTR307AO;DOUALA;15:31:18;15:41:26;00:10:08
22/07/2023;LTTR 307 AO-MERCEDES 1841-PSL;LTTR307AO;103351_3KD TRAINING;15:32:42;15:32:59;00:00:17
22/07/2023;LTTR 307 AO-MERCEDES 1841-PSL;LTTR307AO;101766_CRBC;15:33:04;15:33:23;00:00:19
22/07/2023;LTTR 307 AO-MERCEDES 1841-PSL;LTTR307AO;101766_CRBC;15:34:40;15:35:05;00:00:25
22/07/2023;LTTR 307 AO-MERCEDES 1841-PSL;LTTR307AO;103351_3KD TRAINING;15:35:12;15:35:37;00:00:25
22/07/2023;LTTR 307 AO-MERCEDES 1841-PSL;LTTR307AO;103783_YENINGUN STADE DE JAPOMA;15:50:20;15:51:04;00:00:44
22/07/2023;LTTR 307 AO-MERCEDES 1841-PSL;LTTR307AO;104308_REGULIER DU BAS PRIX;15:51:31;15:52:07;00:00:36
22/07/2023;LTTR 307 AO-MERCEDES 1841-PSL;LTTR307AO;105465_RAZEL YASSA;15:54:39;15:59:38;00:04:59
22/07/2023;LTTR 307 AO-MERCEDES 1841-PSL;LTTR307AO;103403_RAZEL CAMEROUN;15:59:49;16:00:19;00:00:30
22/07/2023;LTTR 307 AO-MERCEDES 1841-PSL;LTTR307AO;DOUALA;16:09:43;16:18:35;00:08:52
22/07/2023;LTTR 307 AO-MERCEDES 1841-PSL;LTTR307AO;103351_3KD TRAINING;16:11:40;16:12:00;00:00:20
22/07/2023;LTTR 307 AO-MERCEDES 1841-PSL;LTTR307AO;101766_CRBC;16:12:06;16:12:29;00:00:23
22/07/2023;LTTR 307 AO-MERCEDES 1841-PSL;LTTR307AO;101766_CRBC;16:13:52;16:14:17;00:00:25
22/07/2023;LTTR 307 AO-MERCEDES 1841-PSL;LTTR307AO;103351_3KD TRAINING;16:14:28;16:14:58;00:00:30
22/07/2023;LTTR 307 AO-MERCEDES 1841-PSL;LTTR307AO;103783_YENINGUN STADE DE JAPOMA;16:26:42;16:27:24;00:00:42
22/07/2023;LTTR 307 AO-MERCEDES 1841-PSL;LTTR307AO;104308_REGULIER DU BAS PRIX;16:28:04;16:29:02;00:00:58
22/07/2023;LTTR 307 AO-MERCEDES 1841-PSL;LTTR307AO;105465_RAZEL YASSA;16:31:32;16:43:00;00:11:28
22/07/2023;LTTR 307 AO-MERCEDES 1841-PSL;LTTR307AO;105465_RAZEL YASSA;16:47:36;16:49:49;00:02:13
22/07/2023;LTTR 307 AO-MERCEDES 1841-PSL;LTTR307AO;105465_RAZEL YASSA;16:52:20;17:06:26;00:14:06
22/07/2023;LTTR 307 AO-MERCEDES 1841-PSL;LTTR307AO;103403_RAZEL CAMEROUN;17:06:37;17:07:05;00:00:28
22/07/2023;LTTR 307 AO-MERCEDES 1841-PSL;LTTR307AO;103783_YENINGUN STADE DE JAPOMA;17:10:23;17:11:12;00:00:49
22/07/2023;LTTR 307 AO-MERCEDES 1841-PSL;LTTR307AO;104308_REGULIER DU BAS PRIX;17:11:38;17:12:21;00:00:43
22/07/2023;LTTR 307 AO-MERCEDES 1841-PSL;LTTR307AO;104308_REGULIER DU BAS PRIX;17:13:12;17:14:05;00:00:53
22/07/2023;LTTR 307 AO-MERCEDES 1841-PSL;LTTR307AO;103783_YENINGUN STADE DE JAPOMA;17:14:35;17:15:18;00:00:43
22/07/2023;LTTR 307 AO-MERCEDES 1841-PSL;LTTR307AO;103403_RAZEL CAMEROUN;17:19:28;17:19:50;00:00:22
22/07/2023;LTTR 307 AO-MERCEDES 1841-PSL;LTTR307AO;105465_RAZEL YASSA;17:19:57;17:38:01;00:18:04
22/07/2023;LTTR 313 AS - SOMAFILS;LTTR 313 AS;BAFIA;06:09:07;06:19:50;00:10:43
22/07/2023;LTTR 313 AS - SOMAFILS;LTTR 313 AS;105925_CHINA RAILWAY N°5 ENGINEERING TONGA;08:28:47;08:29:36;00:00:49
22/07/2023;LTTR 313 AS - SOMAFILS;LTTR 313 AS;Bangangte;09:10:54;09:16:05;00:05:11
22/07/2023;LTTR 313 AS - SOMAFILS;LTTR 313 AS;102828_RAZEL MAKA;09:37:44;09:38:05;00:00:21
22/07/2023;LTTR 313 AS - SOMAFILS;LTTR 313 AS;FOSSANG;10:00:38;10:01:08;00:00:30
22/07/2023;LTTR 447 AQ-MERCEDES 1841-MEDLOG;LTTR447AQ;DOUALA;23:18:38;05:39:53;1d 06:21:15
22/07/2023;LTTR 447 AQ-MERCEDES 1841-MEDLOG;LTTR447AQ;105500_QUIFEROU YASSA;05:37:19;05:37:52;00:00:33
22/07/2023;LTTR 447 AQ-MERCEDES 1841-MEDLOG;LTTR447AQ;105486_SOREPCO YASSA;05:38:11;05:39:42;00:01:31
22/07/2023;LTTR 447 AQ-MERCEDES 1841-MEDLOG;LTTR447AQ;101411 LUCIE DISTRIBUTION SARL;05:39:48;05:40:21;00:00:33
22/07/2023;LTTR 447 AQ-MERCEDES 1841-MEDLOG;LTTR447AQ;EDEA;06:48:09;06:55:33;00:07:24
22/07/2023;LTTR 447 AQ-MERCEDES 1841-MEDLOG;LTTR447AQ;EDEA N;06:49:14;06:58:24;00:09:10
22/07/2023;LTTR 447 AQ-MERCEDES 1841-MEDLOG;LTTR447AQ;Pouma;07:44:37;07:47:04;00:02:27
22/07/2023;LTTR 447 AQ-MERCEDES 1841-MEDLOG;LTTR447AQ;Boumnyebel;09:25:19;09:31:06;00:05:47
22/07/2023;LTTR 447 AQ-MERCEDES 1841-MEDLOG;LTTR447AQ;103276_CHINA FIRST HIGHWAY (CFHECC) P.E.C. PK 16;10:47:57;10:52:46;00:04:49
22/07/2023;LTTR 447 AQ-MERCEDES 1841-MEDLOG;LTTR447AQ;103276_CHINA FIRST HIGHWAY (CFHECC) P.E.C. PK 15;10:47:57;10:52:46;00:04:49
22/07/2023;LTTR 447 AQ-MERCEDES 1841-MEDLOG;LTTR447AQ;Mbankomo;10:58:48;11:02:28;00:03:40
22/07/2023;LTTR 447 AQ-MERCEDES 1841-MEDLOG;LTTR447AQ;TOTAL NOMAYOS;11:03:47;11:04:04;00:00:17
22/07/2023;LTTR 447 AQ-MERCEDES 1841-MEDLOG;LTTR447AQ;105127_ARAB CONTRACTORS NOMAYOS;11:03:53;11:03:58;00:00:05
22/07/2023;LTTR 447 AQ-MERCEDES 1841-MEDLOG;LTTR447AQ;101769_EGESCO;11:09:11;11:09:48;00:00:37
22/07/2023;LTTR 447 AQ-MERCEDES 1841-MEDLOG;LTTR447AQ;105727_MAISON DG SARL AHALA;11:27:45;11:28:25;00:00:40
22/07/2023;LTTR 476 AQ-ACTROS 1841-MEDLOG;LTTR476AQ;101605_KALFRELEC REGION 1 Dla 1ème YOUPE DOUALA;14:19:11;14:19:36;00:00:25
22/07/2023;LTTR 476 AQ-ACTROS 1841-MEDLOG;LTTR476AQ;103546_GROUPE BOCOM;14:20:36;14:23:03;00:02:27
22/07/2023;LTTR 476 AQ-ACTROS 1841-MEDLOG;LTTR476AQ;103863_SOCIETE QUIFEUROU CAMEROUN (SQC);14:23:36;14:24:36;00:01:00
22/07/2023;LTTR 476 AQ-ACTROS 1841-MEDLOG;LTTR476AQ;106317_OPRAH CREATIVE SARL;14:27:52;14:31:36;00:03:44
22/07/2023;LTTR 476 AQ-ACTROS 1841-MEDLOG;LTTR476AQ;106135_ERDEM OFIS DOUALA;14:36:36;14:40:36;00:04:00
22/07/2023;LTTR 476 AQ-ACTROS 1841-MEDLOG;LTTR476AQ;106135_ERDEM OFIS DOUALA;15:09:06;15:14:36;00:05:30
22/07/2023;LTTR 476 AQ-ACTROS 1841-MEDLOG;LTTR476AQ;106317_OPRAH CREATIVE SARL;15:19:36;15:22:13;00:02:37
22/07/2023;LTTR 480 AQ-MERCEDES 1941-CIMENCAM(PSL);LTTR480AQ;TOTAL NOMAYOS;04:21:22;04:21:49;00:00:27
22/07/2023;LTTR 480 AQ-MERCEDES 1941-CIMENCAM(PSL);LTTR480AQ;105127_ARAB CONTRACTORS NOMAYOS;04:21:32;04:21:42;00:00:10
22/07/2023;LTTR 480 AQ-MERCEDES 1941-CIMENCAM(PSL);LTTR480AQ;Mbankomo;04:23:27;04:26:30;00:03:03
22/07/2023;LTTR 480 AQ-MERCEDES 1941-CIMENCAM(PSL);LTTR480AQ;103276_CHINA FIRST HIGHWAY (CFHECC) P.E.C. PK 15;04:33:38;04:35:24;00:01:46
22/07/2023;LTTR 480 AQ-MERCEDES 1941-CIMENCAM(PSL);LTTR480AQ;103276_CHINA FIRST HIGHWAY (CFHECC) P.E.C. PK 16;04:33:38;04:35:24;00:01:46
22/07/2023;LTTR 663 AR-MERCEDES 1942-CIMENCAM(PSL);LTTR663AR;EDEA;10:27:23;10:46:16;00:18:53
22/07/2023;LTTR 663 AR-MERCEDES 1942-CIMENCAM(PSL);LTTR663AR;EDEA N;10:28:43;10:59:58;00:31:15
22/07/2023;LTTR 663 AR-MERCEDES 1942-CIMENCAM(PSL);LTTR663AR;EDEA;10:49:23;10:59:44;00:10:21
22/07/2023;LTTR 663 AR-MERCEDES 1942-CIMENCAM(PSL);LTTR663AR;103244_CHEC PROJETS KRIBI lot 2;14:30:25;14:30:47;00:00:22
22/07/2023;LTTR 663 AR-MERCEDES 1942-CIMENCAM(PSL);LTTR663AR;101760_BATI-SERVICE;16:04:32;16:04:58;00:00:26
22/07/2023;LTTR 663 AR-MERCEDES 1942-CIMENCAM(PSL);LTTR663AR;105706_COLOR CERAMICA KRIBI;16:04:32;16:04:58;00:00:26
22/07/2023;LTTR 663 AR-MERCEDES 1942-CIMENCAM(PSL);LTTR663AR;105705_BATI SERVICE KRIBI;16:04:32;16:04:58;00:00:26
22/07/2023;LTTR 663 AR-MERCEDES 1942-CIMENCAM(PSL);LTTR663AR;105901_CIMPOR KRIBI;16:04:45;16:04:53;00:00:08
22/07/2023;LTTR 663 AR-MERCEDES 1942-CIMENCAM(PSL);LTTR663AR;103244_CHEC PROJETS KRIBI lot 2;16:35:39;16:35:58;00:00:19
22/07/2023;LTTR 663 AR-MERCEDES 1942-CIMENCAM(PSL);LTTR663AR;EDEA;19:25:26;19:30:09;00:04:43
22/07/2023;LTTR 663 AR-MERCEDES 1942-CIMENCAM(PSL);LTTR663AR;EDEA N;19:25:26;19:44:09;00:18:43
22/07/2023;LTTR 663 AR-MERCEDES 1942-CIMENCAM(PSL);LTTR663AR;Pouma;20:40:09;20:43:43;00:03:34
22/07/2023;LTTR 663 AR-MERCEDES 1942-CIMENCAM(PSL);LTTR663AR;23-juil-23;Boumnyebel;22:04:11;01:14:05
22/07/2023;LTTR 682 AP-MERCEDES 1844-CIMENCAM (PSL);LTTR682AP;105470_COGENI NDOGPASSI;09:10:01;09:10:05;00:00:04
22/07/2023;LTTR 682 AP-MERCEDES 1844-CIMENCAM (PSL);LTTR682AP;105499_QUIFEROU NDOGPASSI;09:10:17;09:10:21;00:00:04
22/07/2023;LTTR 682 AP-MERCEDES 1844-CIMENCAM (PSL);LTTR682AP;105485_SOREPCO NDOGPASSI;09:12:35;09:14:32;00:01:57
22/07/2023;LTTR 682 AP-MERCEDES 1844-CIMENCAM (PSL);LTTR682AP;105506_FOKOU JET HOTEL AEROPORT;09:16:04;09:16:33;00:00:29
22/07/2023;LTTR 682 AP-MERCEDES 1844-CIMENCAM (PSL);LTTR682AP;105498_QUIFEROU TEXACO AEROPORT);09:19:48;09:20:26;00:00:38
22/07/2023;LTTR 682 AP-MERCEDES 1844-CIMENCAM (PSL);LTTR682AP;101605_KALFRELEC REGION 1 Dla 1ème YOUPE DOUALA;09:24:40;09:25:23;00:00:43
22/07/2023;LTTR 682 AP-MERCEDES 1844-CIMENCAM (PSL);LTTR682AP;103546_GROUPE BOCOM;09:26:41;09:29:17;00:02:36
22/07/2023;LTTR 682 AP-MERCEDES 1844-CIMENCAM (PSL);LTTR682AP;103863_SOCIETE QUIFEUROU CAMEROUN (SQC);09:30:14;09:32:22;00:02:08
22/07/2023;LTTR 682 AP-MERCEDES 1844-CIMENCAM (PSL);LTTR682AP;103863_SOCIETE QUIFEUROU CAMEROUN (SQC);09:38:49;09:41:11;00:02:22
22/07/2023;LTTR 682 AP-MERCEDES 1844-CIMENCAM (PSL);LTTR682AP;103546_GROUPE BOCOM;10:37:23;10:39:19;00:01:56
22/07/2023;LTTR 682 AP-MERCEDES 1844-CIMENCAM (PSL);LTTR682AP;101605_KALFRELEC REGION 1 Dla 1ème YOUPE DOUALA;10:40:31;10:41:21;00:00:50
22/07/2023;LTTR 682 AP-MERCEDES 1844-CIMENCAM (PSL);LTTR682AP;105498_QUIFEROU TEXACO AEROPORT);10:45:09;10:45:40;00:00:31
22/07/2023;LTTR 682 AP-MERCEDES 1844-CIMENCAM (PSL);LTTR682AP;105506_FOKOU JET HOTEL AEROPORT;10:47:58;10:48:35;00:00:37
22/07/2023;LTTR 682 AP-MERCEDES 1844-CIMENCAM (PSL);LTTR682AP;105485_SOREPCO NDOGPASSI;10:50:05;10:50:47;00:00:42
22/07/2023;LTTR 682 AP-MERCEDES 1844-CIMENCAM (PSL);LTTR682AP;105499_QUIFEROU NDOGPASSI;10:52:26;10:52:30;00:00:04
22/07/2023;LTTR 682 AP-MERCEDES 1844-CIMENCAM (PSL);LTTR682AP;105470_COGENI NDOGPASSI;10:52:40;10:52:47;00:00:07
22/07/2023;LTTR 685 AP-ACTROS 1844-CIMENCAM(PSL);LTTR685AP;DOUALA;17:51:18;08:05:58;1d 14:14:40
22/07/2023;LTTR 685 AP-ACTROS 1844-CIMENCAM(PSL);LTTR685AP;105470_COGENI NDOGPASSI;06:14:56;06:15:00;00:00:04
22/07/2023;LTTR 685 AP-ACTROS 1844-CIMENCAM(PSL);LTTR685AP;105499_QUIFEROU NDOGPASSI;06:15:15;06:15:19;00:00:04
22/07/2023;LTTR 685 AP-ACTROS 1844-CIMENCAM(PSL);LTTR685AP;105485_SOREPCO NDOGPASSI;06:17:02;06:17:49;00:00:47
22/07/2023;LTTR 685 AP-ACTROS 1844-CIMENCAM(PSL);LTTR685AP;105506_FOKOU JET HOTEL AEROPORT;06:19:19;06:20:19;00:01:00
22/07/2023;LTTR 685 AP-ACTROS 1844-CIMENCAM(PSL);LTTR685AP;105501_QUIFEROU NDOKOTI;06:29:30;06:29:38;00:00:08
22/07/2023;LTTR 685 AP-ACTROS 1844-CIMENCAM(PSL);LTTR685AP;105501_QUIFEROU NDOKOTI;15:15:30;15:15:38;00:00:08
22/07/2023;LTTR 685 AP-ACTROS 1844-CIMENCAM(PSL);LTTR685AP;105506_FOKOU JET HOTEL AEROPORT;15:42:04;15:42:09;00:00:05
22/07/2023;LTTR 685 AP-ACTROS 1844-CIMENCAM(PSL);LTTR685AP;105506_FOKOU JET HOTEL AEROPORT;15:42:45;15:43:44;00:00:59
22/07/2023;LTTR 685 AP-ACTROS 1844-CIMENCAM(PSL);LTTR685AP;105485_SOREPCO NDOGPASSI;15:45:26;15:46:11;00:00:45
22/07/2023;LTTR 685 AP-ACTROS 1844-CIMENCAM(PSL);LTTR685AP;105499_QUIFEROU NDOGPASSI;15:47:21;15:47:24;00:00:03
22/07/2023;LTTR 685 AP-ACTROS 1844-CIMENCAM(PSL);LTTR685AP;105470_COGENI NDOGPASSI;15:47:37;15:47:40;00:00:03
22/07/2023;LTTR 702 AQ-ACTROS 1941-PSL;LTTR702AQ;EDEA N;20:58:58;05:28:09;08:29:11
22/07/2023;LTTR 702 AQ-ACTROS 1941-PSL;LTTR702AQ;EDEA;05:22:08;05:28:59;00:06:51
22/07/2023;LTTR 702 AQ-ACTROS 1941-PSL;LTTR702AQ;EDEA;07:25:05;07:38:08;00:13:03
22/07/2023;LTTR 702 AQ-ACTROS 1941-PSL;LTTR702AQ;EDEA N;07:26:17;07:38:19;00:12:02
22/07/2023;LTTR 702 AQ-ACTROS 1941-PSL;LTTR702AQ;103244_CHEC PROJETS KRIBI lot 2;10:32:08;10:32:22;00:00:14
22/07/2023;LTTR 702 AQ-ACTROS 1941-PSL;LTTR702AQ;105705_BATI SERVICE KRIBI;10:54:24;10:54:34;00:00:10
22/07/2023;LTTR 702 AQ-ACTROS 1941-PSL;LTTR702AQ;101760_BATI-SERVICE;10:54:24;10:54:34;00:00:10
22/07/2023;LTTR 702 AQ-ACTROS 1941-PSL;LTTR702AQ;105706_COLOR CERAMICA KRIBI;10:54:24;10:54:34;00:00:10
22/07/2023;LTTR 702 AQ-ACTROS 1941-PSL;LTTR702AQ;105706_COLOR CERAMICA KRIBI;12:17:18;12:17:44;00:00:26
22/07/2023;LTTR 702 AQ-ACTROS 1941-PSL;LTTR702AQ;101760_BATI-SERVICE;12:17:18;12:17:44;00:00:26
22/07/2023;LTTR 702 AQ-ACTROS 1941-PSL;LTTR702AQ;105705_BATI SERVICE KRIBI;12:17:18;12:17:44;00:00:26
22/07/2023;LTTR 702 AQ-ACTROS 1941-PSL;LTTR702AQ;105901_CIMPOR KRIBI;12:17:30;12:17:41;00:00:11
22/07/2023;LTTR 702 AQ-ACTROS 1941-PSL;LTTR702AQ;103244_CHEC PROJETS KRIBI lot 2;12:42:04;12:42:20;00:00:16
22/07/2023;LTTR 702 AQ-ACTROS 1941-PSL;LTTR702AQ;EDEA N;15:10:49;15:22:42;00:11:53
22/07/2023;LTTR 702 AQ-ACTROS 1941-PSL;LTTR702AQ;EDEA;15:11:00;15:15:28;00:04:28
22/07/2023;LTTR 702 AQ-ACTROS 1941-PSL;LTTR702AQ;Pouma;16:10:45;16:13:08;00:02:23
22/07/2023;LTTR 702 AQ-ACTROS 1941-PSL;LTTR702AQ;Boumnyebel;16:59:38;17:04:01;00:04:23
22/07/2023;LTTR 702 AQ-ACTROS 1941-PSL;LTTR702AQ;103276_CHINA FIRST HIGHWAY (CFHECC) P.E.C. PK 15;18:33:37;18:36:03;00:02:26
22/07/2023;LTTR 702 AQ-ACTROS 1941-PSL;LTTR702AQ;103276_CHINA FIRST HIGHWAY (CFHECC) P.E.C. PK 16;18:33:37;18:36:03;00:02:26
22/07/2023;LTTR 702 AQ-ACTROS 1941-PSL;LTTR702AQ;Mbankomo;18:42:53;18:46:17;00:03:24
22/07/2023;LTTR 702 AQ-ACTROS 1941-PSL;LTTR702AQ;TOTAL NOMAYOS;18:47:57;18:48:37;00:00:40
22/07/2023;LTTR 702 AQ-ACTROS 1941-PSL;LTTR702AQ;105127_ARAB CONTRACTORS NOMAYOS;18:48:12;18:48:18;00:00:06
22/07/2023;LTTR 702 AQ-ACTROS 1941-PSL;LTTR702AQ;101769_EGESCO;18:54:54;18:57:53;00:02:59
22/07/2023;LTTR 702 AQ-ACTROS 1941-PSL;LTTR702AQ;100003_USINE DE NOMAYOS;19:10:02;23:47:46;04:37:44
22/07/2023;LTTR 702 AQ-ACTROS 1941-PSL;LTTR702AQ;101769_EGESCO;23:55:06;23:56:20;00:01:14
22/07/2023;LTTR 703 AQ-MERCEDES 1941-PSL;LTTR703AQ;YAOUNDE;23:25:43;04:56:48;05:31:05
22/07/2023;LTTR 703 AQ-MERCEDES 1941-PSL;LTTR703AQ;101769_EGESCO;05:02:11;05:02:34;00:00:23
22/07/2023;LTTR 703 AQ-MERCEDES 1941-PSL;LTTR703AQ;TOTAL NOMAYOS;05:09:29;05:09:50;00:00:21
22/07/2023;LTTR 703 AQ-MERCEDES 1941-PSL;LTTR703AQ;Mbankomo;05:11:24;05:14:31;00:03:07
22/07/2023;LTTR 703 AQ-MERCEDES 1941-PSL;LTTR703AQ;103276_CHINA FIRST HIGHWAY (CFHECC) P.E.C. PK 15;05:29:32;05:32:14;00:02:42
22/07/2023;LTTR 703 AQ-MERCEDES 1941-PSL;LTTR703AQ;103276_CHINA FIRST HIGHWAY (CFHECC) P.E.C. PK 16;05:29:32;05:32:14;00:02:42
22/07/2023;LTTR 703 AQ-MERCEDES 1941-PSL;LTTR703AQ;Boumnyebel;06:47:21;06:51:55;00:04:34
22/07/2023;LTTR 703 AQ-MERCEDES 1941-PSL;LTTR703AQ;Pouma;07:35:42;07:56:50;00:21:08
22/07/2023;LTTR 703 AQ-MERCEDES 1941-PSL;LTTR703AQ;EDEA N;08:44:13;09:13:32;00:29:19
22/07/2023;LTTR 703 AQ-MERCEDES 1941-PSL;LTTR703AQ;EDEA;09:06:27;09:13:21;00:06:54
22/07/2023;LTTR 703 AQ-MERCEDES 1941-PSL;LTTR703AQ;103244_CHEC PROJETS KRIBI lot 2;11:45:41;11:46:02;00:00:21
22/07/2023;LTTR 703 AQ-MERCEDES 1941-PSL;LTTR703AQ;105705_BATI SERVICE KRIBI;12:16:49;12:17:02;00:00:13
22/07/2023;LTTR 703 AQ-MERCEDES 1941-PSL;LTTR703AQ;101760_BATI-SERVICE;12:16:49;12:17:02;00:00:13
22/07/2023;LTTR 703 AQ-MERCEDES 1941-PSL;LTTR703AQ;105706_COLOR CERAMICA KRIBI;12:16:49;12:17:02;00:00:13
22/07/2023;LTTR 703 AQ-MERCEDES 1941-PSL;LTTR703AQ;105706_COLOR CERAMICA KRIBI;14:19:55;14:20:22;00:00:27
22/07/2023;LTTR 703 AQ-MERCEDES 1941-PSL;LTTR703AQ;101760_BATI-SERVICE;14:19:55;14:20:22;00:00:27
22/07/2023;LTTR 703 AQ-MERCEDES 1941-PSL;LTTR703AQ;105705_BATI SERVICE KRIBI;14:19:55;14:20:22;00:00:27
22/07/2023;LTTR 703 AQ-MERCEDES 1941-PSL;LTTR703AQ;105901_CIMPOR KRIBI;14:20:07;14:20:16;00:00:09
22/07/2023;LTTR 703 AQ-MERCEDES 1941-PSL;LTTR703AQ;103244_CHEC PROJETS KRIBI lot 2;14:51:36;14:51:56;00:00:20
22/07/2023;LTTR 703 AQ-MERCEDES 1941-PSL;LTTR703AQ;EDEA N;17:39:49;17:58:08;00:18:19
22/07/2023;LTTR 703 AQ-MERCEDES 1941-PSL;LTTR703AQ;EDEA;17:40:00;17:46:28;00:06:28
22/07/2023;LTTR 703 AQ-MERCEDES 1941-PSL;LTTR703AQ;EDEA;17:52:08;17:52:24;00:00:16
22/07/2023;LTTR 703 AQ-MERCEDES 1941-PSL;LTTR703AQ;Pouma;18:47:18;18:50:00;00:02:42
22/07/2023;LTTR 703 AQ-MERCEDES 1941-PSL;LTTR703AQ;Boumnyebel;19:41:16;19:45:46;00:04:30
22/07/2023;LTTR 703 AQ-MERCEDES 1941-PSL;LTTR703AQ;103276_CHINA FIRST HIGHWAY (CFHECC) P.E.C. PK 16;21:26:55;21:28:37;00:01:42
22/07/2023;LTTR 703 AQ-MERCEDES 1941-PSL;LTTR703AQ;103276_CHINA FIRST HIGHWAY (CFHECC) P.E.C. PK 15;21:26:55;21:28:37;00:01:42
22/07/2023;LTTR 703 AQ-MERCEDES 1941-PSL;LTTR703AQ;Mbankomo;21:36:02;21:39:28;00:03:26
22/07/2023;LTTR 703 AQ-MERCEDES 1941-PSL;LTTR703AQ;TOTAL NOMAYOS;21:41:03;21:41:25;00:00:22
22/07/2023;LTTR 703 AQ-MERCEDES 1941-PSL;LTTR703AQ;101769_EGESCO;21:52:36;21:54:31;00:01:55
22/07/2023;LTTR 703 AQ-MERCEDES 1941-PSL;LTTR703AQ;23-juil-23;100003_USINE DE NOMAYOS;22:05:23;05:20:42
22/07/2023;LTTR 705 AQ-MERCEDES 1941-PSL;LTTR705AQ;YAOUNDE;23:42:11;14:50:31;15:08:20
22/07/2023;LTTR 705 AQ-MERCEDES 1941-PSL;LTTR705AQ;101769_EGESCO;14:55:54;14:56:20;00:00:26
22/07/2023;LTTR 705 AQ-MERCEDES 1941-PSL;LTTR705AQ;TOTAL NOMAYOS;15:01:39;15:01:57;00:00:18
22/07/2023;LTTR 705 AQ-MERCEDES 1941-PSL;LTTR705AQ;Mbankomo;15:03:22;15:12:50;00:09:28
22/07/2023;LTTR 705 AQ-MERCEDES 1941-PSL;LTTR705AQ;103276_CHINA FIRST HIGHWAY (CFHECC) P.E.C. PK 15;15:20:07;15:21:37;00:01:30
22/07/2023;LTTR 705 AQ-MERCEDES 1941-PSL;LTTR705AQ;103276_CHINA FIRST HIGHWAY (CFHECC) P.E.C. PK 16;15:20:07;15:21:37;00:01:30
22/07/2023;LTTR 705 AQ-MERCEDES 1941-PSL;LTTR705AQ;Boumnyebel;16:36:23;16:40:59;00:04:36
22/07/2023;LTTR 705 AQ-MERCEDES 1941-PSL;LTTR705AQ;Pouma;17:22:35;17:25:13;00:02:38
22/07/2023;LTTR 705 AQ-MERCEDES 1941-PSL;LTTR705AQ;EDEA N;18:12:20;18:20:29;00:08:09
22/07/2023;LTTR 705 AQ-MERCEDES 1941-PSL;LTTR705AQ;EDEA;18:16:11;18:20:22;00:04:11
22/07/2023;LTTR 705 AQ-MERCEDES 1941-PSL;LTTR705AQ;103244_CHEC PROJETS KRIBI lot 2;21:07:36;21:07:58;00:00:22
22/07/2023;LTTR 705 AQ-MERCEDES 1941-PSL;LTTR705AQ;105705_BATI SERVICE KRIBI;21:46:34;21:46:45;00:00:11
22/07/2023;LTTR 705 AQ-MERCEDES 1941-PSL;LTTR705AQ;101760_BATI-SERVICE;21:46:34;21:46:45;00:00:11
22/07/2023;LTTR 705 AQ-MERCEDES 1941-PSL;LTTR705AQ;105706_COLOR CERAMICA KRIBI;21:46:34;21:46:45;00:00:11
22/07/2023;LTTR 705 AQ-MERCEDES 1941-PSL;LTTR705AQ;105706_COLOR CERAMICA KRIBI;23:06:53;23:21:19;00:14:26
22/07/2023;LTTR 705 AQ-MERCEDES 1941-PSL;LTTR705AQ;101760_BATI-SERVICE;23:06:53;23:21:19;00:14:26
22/07/2023;LTTR 705 AQ-MERCEDES 1941-PSL;LTTR705AQ;105705_BATI SERVICE KRIBI;23:06:53;23:21:19;00:14:26
22/07/2023;LTTR 705 AQ-MERCEDES 1941-PSL;LTTR705AQ;105901_CIMPOR KRIBI;23:07:06;23:07:20;00:00:14
22/07/2023;LTTR 815 AS -MERCEDES 3344-PSL;LTTR815AS;101411 LUCIE DISTRIBUTION SARL;10:44:39;10:45:00;00:00:21
22/07/2023;LTTR 815 AS -MERCEDES 3344-PSL;LTTR815AS;DOUALA;10:44:57;12:12:56;01:27:59
22/07/2023;LTTR 815 AS -MERCEDES 3344-PSL;LTTR815AS;105486_SOREPCO YASSA;10:45:04;10:45:25;00:00:21
22/07/2023;LTTR 815 AS -MERCEDES 3344-PSL;LTTR815AS;105500_QUIFEROU YASSA;10:46:30;10:52:30;00:06:00
22/07/2023;LTTR 815 AS -MERCEDES 3344-PSL;LTTR815AS;105500_QUIFEROU YASSA;12:09:56;12:10:56;00:01:00
22/07/2023;LTTR 815 AS -MERCEDES 3344-PSL;LTTR815AS;105486_SOREPCO YASSA;12:11:56;12:12:18;00:00:22
22/07/2023;LTTR 815 AS -MERCEDES 3344-PSL;LTTR815AS;101411 LUCIE DISTRIBUTION SARL;12:12:18;12:13:56;00:01:38
22/07/2023;LTTR 815 AS -MERCEDES 3344-PSL;LTTR815AS;EDEA;13:20:55;13:31:32;00:10:37
22/07/2023;LTTR 815 AS -MERCEDES 3344-PSL;LTTR815AS;EDEA N;13:22:29;13:32:14;00:09:45
22/07/2023;LTTR 815 AS -MERCEDES 3344-PSL;LTTR815AS;103244_CHEC PROJETS KRIBI lot 2;16:16:15;16:16:33;00:00:18
22/07/2023;LTTR 815 AS -MERCEDES 3344-PSL;LTTR815AS;105706_COLOR CERAMICA KRIBI;16:40:09;16:40:20;00:00:11
22/07/2023;LTTR 815 AS -MERCEDES 3344-PSL;LTTR815AS;105705_BATI SERVICE KRIBI;16:40:09;16:40:20;00:00:11
22/07/2023;LTTR 815 AS -MERCEDES 3344-PSL;LTTR815AS;101760_BATI-SERVICE;16:40:09;16:40:20;00:00:11
22/07/2023;LTTR 815 AS -MERCEDES 3344-PSL;LTTR815AS;101760_BATI-SERVICE;18:07:40;18:07:59;00:00:19
22/07/2023;LTTR 815 AS -MERCEDES 3344-PSL;LTTR815AS;105705_BATI SERVICE KRIBI;18:07:40;18:07:59;00:00:19
22/07/2023;LTTR 815 AS -MERCEDES 3344-PSL;LTTR815AS;105706_COLOR CERAMICA KRIBI;18:07:40;18:07:59;00:00:19
22/07/2023;LTTR 815 AS -MERCEDES 3344-PSL;LTTR815AS;105901_CIMPOR KRIBI;18:07:43;18:07:55;00:00:12
22/07/2023;LTTR 815 AS -MERCEDES 3344-PSL;LTTR815AS;103244_CHEC PROJETS KRIBI lot 2;18:36:20;18:36:34;00:00:14
22/07/2023;LTTR 816 AS-MERCEDES 3344-PSL;LTTR816AS;100003_USINE DE NOMAYOS;23:18:17;02:59:32;03:41:15
22/07/2023;LTTR 816 AS-MERCEDES 3344-PSL;LTTR816AS;101769_EGESCO;03:05:37;03:07:04;00:01:27
22/07/2023;LTTR 816 AS-MERCEDES 3344-PSL;LTTR816AS;YAOUNDE;03:11:04;09:46:05;06:35:01
22/07/2023;LTTR 816 AS-MERCEDES 3344-PSL;LTTR816AS;101769_EGESCO;09:50:05;09:50:24;00:00:19
22/07/2023;LTTR 816 AS-MERCEDES 3344-PSL;LTTR816AS;TOTAL NOMAYOS;09:57:24;09:59:30;00:02:06
22/07/2023;LTTR 816 AS-MERCEDES 3344-PSL;LTTR816AS;Mbankomo;10:01:17;10:05:31;00:04:14
22/07/2023;LTTR 816 AS-MERCEDES 3344-PSL;LTTR816AS;103276_CHINA FIRST HIGHWAY (CFHECC) P.E.C. PK 16;10:13:37;10:14:37;00:01:00
22/07/2023;LTTR 816 AS-MERCEDES 3344-PSL;LTTR816AS;103276_CHINA FIRST HIGHWAY (CFHECC) P.E.C. PK 15;10:13:37;10:14:37;00:01:00
22/07/2023;LTTR 816 AS-MERCEDES 3344-PSL;LTTR816AS;Boumnyebel;11:32:37;11:35:24;00:02:47
22/07/2023;LTTR 816 AS-MERCEDES 3344-PSL;LTTR816AS;Pouma;12:14:38;12:26:13;00:11:35
22/07/2023;LTTR 816 AS-MERCEDES 3344-PSL;LTTR816AS;EDEA N;13:18:49;13:31:33;00:12:44
22/07/2023;LTTR 816 AS-MERCEDES 3344-PSL;LTTR816AS;EDEA;13:26:37;13:31:33;00:04:56
22/07/2023;LTTR 816 AS-MERCEDES 3344-PSL;LTTR816AS;103244_CHEC PROJETS KRIBI lot 2;15:35:59;15:36:02;00:00:03
22/07/2023;LTTR 816 AS-MERCEDES 3344-PSL;LTTR816AS;101760_BATI-SERVICE;17:05:08;17:06:08;00:01:00
22/07/2023;LTTR 816 AS-MERCEDES 3344-PSL;LTTR816AS;105706_COLOR CERAMICA KRIBI;17:05:08;17:06:08;00:01:00
22/07/2023;LTTR 816 AS-MERCEDES 3344-PSL;LTTR816AS;105705_BATI SERVICE KRIBI;17:05:08;17:06:08;00:01:00
22/07/2023;LTTR 816 AS-MERCEDES 3344-PSL;LTTR816AS;105901_CIMPOR KRIBI;17:05:08;17:06:08;00:01:00
22/07/2023;LTTR 816 AS-MERCEDES 3344-PSL;LTTR816AS;103244_CHEC PROJETS KRIBI lot 2;17:39:08;17:40:08;00:01:00
22/07/2023;LTTR 816 AS-MERCEDES 3344-PSL;LTTR816AS;EDEA;19:52:21;19:57:21;00:05:00
22/07/2023;LTTR 816 AS-MERCEDES 3344-PSL;LTTR816AS;EDEA N;19:52:21;20:06:21;00:14:00
22/07/2023;LTTR 816 AS-MERCEDES 3344-PSL;LTTR816AS;EDEA;20:00:21;20:01:21;00:01:00
22/07/2023;LTTR 816 AS-MERCEDES 3344-PSL;LTTR816AS;Pouma;21:12:13;21:15:13;00:03:00
22/07/2023;LTTR 816 AS-MERCEDES 3344-PSL;LTTR816AS;Boumnyebel;22:12:13;22:23:51;00:11:38
22/07/2023;LTTR 816 AS-MERCEDES 3344-PSL;LTTR816AS;103276_CHINA FIRST HIGHWAY (CFHECC) P.E.C. PK 15;23:49:13;23:51:02;00:01:49
22/07/2023;LTTR 816 AS-MERCEDES 3344-PSL;LTTR816AS;103276_CHINA FIRST HIGHWAY (CFHECC) P.E.C. PK 16;23:49:13;23:51:02;00:01:49
22/07/2023;LTTR 816 AS-MERCEDES 3344-PSL;LTTR816AS;23-juil-23;Mbankomo;23:57:13;00:02:31
22/07/2023;LTTR 877 AQ-MERCEDES 1941-PSL;LTTR877AQ;22-juil-23;YAOUNDE;21:55:15;05:35:52
22/07/2023;LTTR 877 AQ-MERCEDES 1941-PSL;LTTR877AQ;101769_EGESCO;05:41:00;05:41:39;00:00:39
22/07/2023;LTTR 877 AQ-MERCEDES 1941-PSL;LTTR877AQ;TOTAL NOMAYOS;05:48:18;05:48:38;00:00:20
22/07/2023;LTTR 877 AQ-MERCEDES 1941-PSL;LTTR877AQ;105127_ARAB CONTRACTORS NOMAYOS;05:48:26;05:48:30;00:00:04
22/07/2023;LTTR 877 AQ-MERCEDES 1941-PSL;LTTR877AQ;Mbankomo;05:50:10;05:54:45;00:04:35
22/07/2023;LTTR 877 AQ-MERCEDES 1941-PSL;LTTR877AQ;103276_CHINA FIRST HIGHWAY (CFHECC) P.E.C. PK 15;06:01:45;06:06:35;00:04:50
22/07/2023;LTTR 877 AQ-MERCEDES 1941-PSL;LTTR877AQ;103276_CHINA FIRST HIGHWAY (CFHECC) P.E.C. PK 16;06:01:45;06:06:35;00:04:50
22/07/2023;LTTR 877 AQ-MERCEDES 1941-PSL;LTTR877AQ;Boumnyebel;07:19:11;07:22:52;00:03:41
22/07/2023;LTTR 877 AQ-MERCEDES 1941-PSL;LTTR877AQ;Pouma;08:06:17;08:08:58;00:02:41
22/07/2023;LTTR 877 AQ-MERCEDES 1941-PSL;LTTR877AQ;EDEA N;08:55:23;09:46:06;00:50:43
22/07/2023;LTTR 877 AQ-MERCEDES 1941-PSL;LTTR877AQ;EDEA;09:38:33;09:47:15;00:08:42
22/07/2023;LTTR 909 AR-ACTROS 1941-PSL;LTTR909AR;101769_EGESCO;12:32:59;12:33:22;00:00:23
22/07/2023;LTTR 909 AR-ACTROS 1941-PSL;LTTR909AR;TOTAL NOMAYOS;12:39:33;12:42:07;00:02:34
22/07/2023;LTTR 909 AR-ACTROS 1941-PSL;LTTR909AR;105127_ARAB CONTRACTORS NOMAYOS;12:41:47;12:41:50;00:00:03
22/07/2023;LTTR 909 AR-ACTROS 1941-PSL;LTTR909AR;Mbankomo;12:44:35;12:48:10;00:03:35
22/07/2023;LTTR 909 AR-ACTROS 1941-PSL;LTTR909AR;103276_CHINA FIRST HIGHWAY (CFHECC) P.E.C. PK 15;12:54:47;13:06:02;00:11:15
22/07/2023;LTTR 909 AR-ACTROS 1941-PSL;LTTR909AR;103276_CHINA FIRST HIGHWAY (CFHECC) P.E.C. PK 16;12:54:47;13:06:02;00:11:15
22/07/2023;LTTR 909 AR-ACTROS 1941-PSL;LTTR909AR;Boumnyebel;14:19:21;14:23:34;00:04:13
22/07/2023;LTTR 909 AR-ACTROS 1941-PSL;LTTR909AR;Pouma;15:24:18;15:30:57;00:06:39
22/07/2023;LTTR 909 AR-ACTROS 1941-PSL;LTTR909AR;EDEA N;16:06:48;16:14:48;00:08:00
22/07/2023;LTTR 909 AR-ACTROS 1941-PSL;LTTR909AR;EDEA;16:09:39;16:14:41;00:05:02
22/07/2023;LTTR 909 AR-ACTROS 1941-PSL;LTTR909AR;103244_CHEC PROJETS KRIBI lot 2;18:06:55;18:07:12;00:00:17
22/07/2023;LTTR 909 AR-ACTROS 1941-PSL;LTTR909AR;105705_BATI SERVICE KRIBI;18:27:30;18:27:42;00:00:12
22/07/2023;LTTR 909 AR-ACTROS 1941-PSL;LTTR909AR;101760_BATI-SERVICE;18:27:30;18:27:42;00:00:12
22/07/2023;LTTR 909 AR-ACTROS 1941-PSL;LTTR909AR;105706_COLOR CERAMICA KRIBI;18:27:30;18:27:42;00:00:12
22/07/2023;LTTR 909 AR-ACTROS 1941-PSL;LTTR909AR;105706_COLOR CERAMICA KRIBI;19:42:26;19:42:55;00:00:29
22/07/2023;LTTR 909 AR-ACTROS 1941-PSL;LTTR909AR;101760_BATI-SERVICE;19:42:26;19:42:55;00:00:29
22/07/2023;LTTR 909 AR-ACTROS 1941-PSL;LTTR909AR;105705_BATI SERVICE KRIBI;19:42:26;19:42:55;00:00:29
22/07/2023;LTTR 909 AR-ACTROS 1941-PSL;LTTR909AR;105901_CIMPOR KRIBI;19:42:39;19:42:50;00:00:11
22/07/2023;LTTR 909 AR-ACTROS 1941-PSL;LTTR909AR;103244_CHEC PROJETS KRIBI lot 2;20:12:11;20:12:26;00:00:15
22/07/2023;LTTR 909 AR-ACTROS 1941-PSL;LTTR909AR;100003_USINE DE NOMAYOS;19:56:42;11:45:13;15:48:31
22/07/2023;LTTR 909 AR-ACTROS 1941-PSL;LTTR909AR;101769_EGESCO;11:53:00;11:53:54;00:00:54
22/07/2023;LTTR 909 AR-ACTROS 1941-PSL;LTTR909AR;YAOUNDE;11:58:56;12:27:17;00:28:21
22/07/2023;LTTR 910 AR-ACTROS 1846-PSL;LTTR910AR;100003_USINE DE NOMAYOS;19:27:02;00:01:55;04:34:53
22/07/2023;LTTR 910 AR-ACTROS 1846-PSL;LTTR910AR;101769_EGESCO;00:08:41;00:09:30;00:00:49
22/07/2023;LTTR 910 AR-ACTROS 1846-PSL;LTTR910AR;YAOUNDE;00:15:14;07:58:18;07:43:04
22/07/2023;LTTR 910 AR-ACTROS 1846-PSL;LTTR910AR;TOTAL NOMAYOS;08:09:48;08:10:48;00:01:00
22/07/2023;LTTR 910 AR-ACTROS 1846-PSL;LTTR910AR;Mbankomo;08:11:48;08:17:09;00:05:21
22/07/2023;LTTR 910 AR-ACTROS 1846-PSL;LTTR910AR;103276_CHINA FIRST HIGHWAY (CFHECC) P.E.C. PK 15;08:24:48;08:28:48;00:04:00
22/07/2023;LTTR 910 AR-ACTROS 1846-PSL;LTTR910AR;103276_CHINA FIRST HIGHWAY (CFHECC) P.E.C. PK 16;08:24:48;08:28:48;00:04:00
22/07/2023;LTTR 910 AR-ACTROS 1846-PSL;LTTR910AR;Boumnyebel;09:47:49;09:50:08;00:02:19
22/07/2023;LTTR 910 AR-ACTROS 1846-PSL;LTTR910AR;Pouma;10:26:48;10:28:36;00:01:48
22/07/2023;LTTR 910 AR-ACTROS 1846-PSL;LTTR910AR;EDEA N;11:11:49;11:31:48;00:19:59
22/07/2023;LTTR 910 AR-ACTROS 1846-PSL;LTTR910AR;EDEA;11:27:49;11:31:48;00:03:59
22/07/2023;LTTR 910 AR-ACTROS 1846-PSL;LTTR910AR;101760_BATI-SERVICE;15:31:52;15:32:07;00:00:15
22/07/2023;LTTR 910 AR-ACTROS 1846-PSL;LTTR910AR;105706_COLOR CERAMICA KRIBI;15:31:52;15:32:07;00:00:15
22/07/2023;LTTR 910 AR-ACTROS 1846-PSL;LTTR910AR;105705_BATI SERVICE KRIBI;15:31:52;15:32:07;00:00:15
22/07/2023;LTTR 910 AR-ACTROS 1846-PSL;LTTR910AR;EDEA;18:11:01;18:21:07;00:10:06
22/07/2023;LTTR 910 AR-ACTROS 1846-PSL;LTTR910AR;EDEA N;18:11:01;18:30:07;00:19:06
22/07/2023;LTTR 910 AR-ACTROS 1846-PSL;LTTR910AR;Pouma;19:21:07;19:24:07;00:03:00
22/07/2023;LTTR 910 AR-ACTROS 1846-PSL;LTTR910AR;Boumnyebel;20:10:06;20:18:08;00:08:02
22/07/2023;LTTR 910 AR-ACTROS 1846-PSL;LTTR910AR;103276_CHINA FIRST HIGHWAY (CFHECC) P.E.C. PK 16;21:39:08;21:41:08;00:02:00
22/07/2023;LTTR 910 AR-ACTROS 1846-PSL;LTTR910AR;103276_CHINA FIRST HIGHWAY (CFHECC) P.E.C. PK 15;21:39:08;21:41:08;00:02:00
22/07/2023;LTTR 910 AR-ACTROS 1846-PSL;LTTR910AR;Mbankomo;21:49:08;21:53:08;00:04:00
22/07/2023;LTTR 910 AR-ACTROS 1846-PSL;LTTR910AR;101769_EGESCO;22:02:08;22:03:12;00:01:04
22/07/2023;LTTR 910 AR-ACTROS 1846-PSL;LTTR910AR;100003_USINE DE NOMAYOS;23:01:57;05:30:54;06:28:57
22/07/2023;LTTR 915 AR-MERCEDES 1942-CIMENCAM(PSL);LTTR915AR;YAOUNDE;14:09:55;11:34:45;21:24:50
22/07/2023;LTTR 915 AR-MERCEDES 1942-CIMENCAM(PSL);LTTR915AR;101769_EGESCO;11:42:04;11:42:30;00:00:26
22/07/2023;LTTR 915 AR-MERCEDES 1942-CIMENCAM(PSL);LTTR915AR;TOTAL NOMAYOS;11:48:03;11:48:34;00:00:31
22/07/2023;LTTR 915 AR-MERCEDES 1942-CIMENCAM(PSL);LTTR915AR;105127_ARAB CONTRACTORS NOMAYOS;11:48:12;11:48:34;00:00:22
22/07/2023;LTTR 915 AR-MERCEDES 1942-CIMENCAM(PSL);LTTR915AR;Mbankomo;11:49:58;11:53:33;00:03:35
22/07/2023;LTTR 915 AR-MERCEDES 1942-CIMENCAM(PSL);LTTR915AR;103276_CHINA FIRST HIGHWAY (CFHECC) P.E.C. PK 15;12:02:05;12:05:01;00:02:56
22/07/2023;LTTR 915 AR-MERCEDES 1942-CIMENCAM(PSL);LTTR915AR;103276_CHINA FIRST HIGHWAY (CFHECC) P.E.C. PK 16;12:02:05;12:05:01;00:02:56
22/07/2023;LTTR 915 AR-MERCEDES 1942-CIMENCAM(PSL);LTTR915AR;Boumnyebel;13:25:45;13:28:41;00:02:56
22/07/2023;LTTR 915 AR-MERCEDES 1942-CIMENCAM(PSL);LTTR915AR;Pouma;14:10:16;14:12:41;00:02:25
22/07/2023;LTTR 915 AR-MERCEDES 1942-CIMENCAM(PSL);LTTR915AR;EDEA N;15:02:07;15:12:08;00:10:01
22/07/2023;LTTR 915 AR-MERCEDES 1942-CIMENCAM(PSL);LTTR915AR;EDEA;15:04:45;15:13:17;00:08:32
22/07/2023;LTTR 940 AQ-MERCEDES ACTROS-PSL;LTTR940AQ;101411 LUCIE DISTRIBUTION SARL;11:22:24;11:28:18;00:05:54
22/07/2023;LTTR 940 AQ-MERCEDES ACTROS-PSL;LTTR940AQ;DOUALA;11:28:18;13:33:48;02:05:30
22/07/2023;LTTR 940 AQ-MERCEDES ACTROS-PSL;LTTR940AQ;105486_SOREPCO YASSA;11:29:17;11:33:13;00:03:56
22/07/2023;LTTR 940 AQ-MERCEDES ACTROS-PSL;LTTR940AQ;105500_QUIFEROU YASSA;11:36:10;11:38:08;00:01:58
22/07/2023;LTTR 940 AQ-MERCEDES ACTROS-PSL;LTTR940AQ;105500_QUIFEROU YASSA;13:18:04;13:20:02;00:01:58
22/07/2023;LTTR 940 AQ-MERCEDES ACTROS-PSL;LTTR940AQ;105486_SOREPCO YASSA;13:21:01;13:29:27;00:08:26
22/07/2023;LTTR 940 AQ-MERCEDES ACTROS-PSL;LTTR940AQ;101411 LUCIE DISTRIBUTION SARL;13:29:27;13:43:38;00:14:11
22/07/2023;LTTR 940 AQ-MERCEDES ACTROS-PSL;LTTR940AQ;EDEA;15:04:16;15:13:14;00:08:58
22/07/2023;LTTR 940 AQ-MERCEDES ACTROS-PSL;LTTR940AQ;EDEA N;15:05:15;15:14:06;00:08:51
22/07/2023;LTTR 940 AQ-MERCEDES ACTROS-PSL;LTTR940AQ;101760_BATI-SERVICE;19:02:37;19:04:02;00:01:25
22/07/2023;LTTR 940 AQ-MERCEDES ACTROS-PSL;LTTR940AQ;105706_COLOR CERAMICA KRIBI;19:02:37;19:04:02;00:01:25
22/07/2023;LTTR 940 AQ-MERCEDES ACTROS-PSL;LTTR940AQ;105705_BATI SERVICE KRIBI;19:02:37;19:04:02;00:01:25
22/07/2023;LTTR 940 AQ-MERCEDES ACTROS-PSL;LTTR940AQ;EDEA N;22:33:42;23:00:54;00:27:12
22/07/2023;LTTR 940 AQ-MERCEDES ACTROS-PSL;LTTR940AQ;EDEA;22:33:42;22:39:54;00:06:12
22/07/2023;LTTR 940 AQ-MERCEDES ACTROS-PSL;LTTR940AQ;EDEA;22:43:54;22:44:54;00:01:00
22/07/2023;LTTR 940 AQ-MERCEDES ACTROS-PSL;LTTR940AQ;Pouma;23:51:02;23:54:38;00:03:36
22/07/2023;LTTR 942 AQ-MERCEDES 1941-PSL;LTTR942AQ;101760_BATI-SERVICE;00:27:10;00:28:36;00:01:26
22/07/2023;LTTR 942 AQ-MERCEDES 1941-PSL;LTTR942AQ;105706_COLOR CERAMICA KRIBI;00:27:10;00:28:36;00:01:26
22/07/2023;LTTR 942 AQ-MERCEDES 1941-PSL;LTTR942AQ;105705_BATI SERVICE KRIBI;00:27:10;00:28:36;00:01:26
22/07/2023;LTTR 942 AQ-MERCEDES 1941-PSL;LTTR942AQ;105901_CIMPOR KRIBI;00:27:19;00:27:30;00:00:11
22/07/2023;LTTR 942 AQ-MERCEDES 1941-PSL;LTTR942AQ;103244_CHEC PROJETS KRIBI lot 2;01:19:54;01:20:04;00:00:10
22/07/2023;LTTR 942 AQ-MERCEDES 1941-PSL;LTTR942AQ;EDEA N;08:55:11;09:58:29;01:03:18
22/07/2023;LTTR 942 AQ-MERCEDES 1941-PSL;LTTR942AQ;EDEA;08:55:15;08:59:15;00:04:00
22/07/2023;LTTR 942 AQ-MERCEDES 1941-PSL;LTTR942AQ;Pouma;10:55:15;11:00:07;00:04:52
22/07/2023;LTTR 942 AQ-MERCEDES 1941-PSL;LTTR942AQ;Boumnyebel;13:13:04;13:16:04;00:03:00
22/07/2023;LTTR 942 AQ-MERCEDES 1941-PSL;LTTR942AQ;103276_CHINA FIRST HIGHWAY (CFHECC) P.E.C. PK 16;14:54:04;14:58:04;00:04:00
22/07/2023;LTTR 942 AQ-MERCEDES 1941-PSL;LTTR942AQ;103276_CHINA FIRST HIGHWAY (CFHECC) P.E.C. PK 15;14:54:04;14:58:04;00:04:00
22/07/2023;LTTR 942 AQ-MERCEDES 1941-PSL;LTTR942AQ;Mbankomo;15:05:34;15:19:03;00:13:29
22/07/2023;LTTR 942 AQ-MERCEDES 1941-PSL;LTTR942AQ;101769_EGESCO;15:31:18;15:33:35;00:02:17
22/07/2023;LTTR 942 AQ-MERCEDES 1941-PSL;LTTR942AQ;100003_USINE DE NOMAYOS;17:01:30;21:13:14;04:11:44
22/07/2023;LTTR 942 AQ-MERCEDES 1941-PSL;LTTR942AQ;101769_EGESCO;21:22:14;21:23:07;00:00:53
22/07/2023;LTTR 942 AQ-MERCEDES 1941-PSL;LTTR942AQ;23-juil-23;YAOUNDE;21:28:31;05:38:19
